[{"pk": 1, "model": "bookmarks.link", "fields": {"url": "http://www.packtpub.com/"}}, {"pk": 2, "model": "bookmarks.link", "fields": {"url": "http://www.cnbc.com/"}}, {"pk": 3, "model": "bookmarks.link", "fields": {"url": "http://www.bloomberg.com/"}}, {"pk": 4, "model": "bookmarks.link", "fields": {"url": "http://oreilly.com/"}}, {"pk": 5, "model": "bookmarks.link", "fields": {"url": "http://finance.yahoo.com/"}}, {"pk": 6, "model": "bookmarks.link", "fields": {"url": "https://twitter.com/"}}, {"pk": 7, "model": "bookmarks.link", "fields": {"url": "https://twitter.com/login.html"}}, {"pk": 8, "model": "bookmarks.link", "fields": {"url": "https://developer.mozilla.org/en/JavaScript"}}, {"pk": 9, "model": "bookmarks.link", "fields": {"url": "http://www.w3schools.com/js/default.asp"}}, {"pk": 10, "model": "bookmarks.link", "fields": {"url": "http://www.javascriptsource.com/"}}, {"pk": 11, "model": "bookmarks.link", "fields": {"url": "http://eloquentjavascript.net/"}}, {"pk": 12, "model": "bookmarks.link", "fields": {"url": "http://www.usmagazine.com/"}}, {"pk": 13, "model": "bookmarks.link", "fields": {"url": "http://www.people.com/"}}, {"pk": 1, "model": "bookmarks.tag", "fields": {"bookmarks": [1, 4], "name": "book"}}, {"pk": 2, "model": "bookmarks.tag", "fields": {"bookmarks": [1, 4], "name": "publisher"}}, {"pk": 3, "model": "bookmarks.tag", "fields": {"bookmarks": [], "name": "stocks"}}, {"pk": 4, "model": "bookmarks.tag", "fields": {"bookmarks": [2, 3, 5], "name": "investing"}}, {"pk": 5, "model": "bookmarks.tag", "fields": {"bookmarks": [5], "name": "finance"}}, {"pk": 6, "model": "bookmarks.tag", "fields": {"bookmarks": [8, 9, 10], "name": "JavaScript"}}, {"pk": 7, "model": "bookmarks.tag", "fields": {"bookmarks": [8, 11], "name": "Web"}}, {"pk": 8, "model": "bookmarks.tag", "fields": {"bookmarks": [12, 13], "name": "celebrities"}}, {"pk": 38, "model": "auth.permission", "fields": {"codename": "add_logentry", "name": "Can add log entry", "content_type": 13}}, {"pk": 39, "model": "auth.permission", "fields": {"codename": "change_logentry", "name": "Can change log entry", "content_type": 13}}, {"pk": 40, "model": "auth.permission", "fields": {"codename": "delete_logentry", "name": "Can delete log entry", "content_type": 13}}, {"pk": 1, "model": "auth.permission", "fields": {"codename": "add_group", "name": "Can add group", "content_type": 2}}, {"pk": 4, "model": "auth.permission", "fields": {"codename": "change_group", "name": "Can change group", "content_type": 2}}, {"pk": 7, "model": "auth.permission", "fields": {"codename": "delete_group", "name": "Can delete group", "content_type": 2}}, {"pk": 2, "model": "auth.permission", "fields": {"codename": "add_permission", "name": "Can add permission", "content_type": 1}}, {"pk": 5, "model": "auth.permission", "fields": {"codename": "change_permission", "name": "Can change permission", "content_type": 1}}, {"pk": 8, "model": "auth.permission", "fields": {"codename": "delete_permission", "name": "Can delete permission", "content_type": 1}}, {"pk": 3, "model": "auth.permission", "fields": {"codename": "add_user", "name": "Can add user", "content_type": 3}}, {"pk": 6, "model": "auth.permission", "fields": {"codename": "change_user", "name": "Can change user", "content_type": 3}}, {"pk": 9, "model": "auth.permission", "fields": {"codename": "delete_user", "name": "Can delete user", "content_type": 3}}, {"pk": 22, "model": "auth.permission", "fields": {"codename": "add_bookmark", "name": "Can add bookmark", "content_type": 8}}, {"pk": 23, "model": "auth.permission", "fields": {"codename": "change_bookmark", "name": "Can change bookmark", "content_type": 8}}, {"pk": 24, "model": "auth.permission", "fields": {"codename": "delete_bookmark", "name": "Can delete bookmark", "content_type": 8}}, {"pk": 41, "model": "auth.permission", "fields": {"codename": "add_friendship", "name": "Can add friendship", "content_type": 14}}, {"pk": 42, "model": "auth.permission", "fields": {"codename": "change_friendship", "name": "Can change friendship", "content_type": 14}}, {"pk": 43, "model": "auth.permission", "fields": {"codename": "delete_friendship", "name": "Can delete friendship", "content_type": 14}}, {"pk": 19, "model": "auth.permission", "fields": {"codename": "add_link", "name": "Can add link", "content_type": 7}}, {"pk": 20, "model": "auth.permission", "fields": {"codename": "change_link", "name": "Can change link", "content_type": 7}}, {"pk": 21, "model": "auth.permission", "fields": {"codename": "delete_link", "name": "Can delete link", "content_type": 7}}, {"pk": 28, "model": "auth.permission", "fields": {"codename": "add_sharedbookmark", "name": "Can add shared bookmark", "content_type": 10}}, {"pk": 29, "model": "auth.permission", "fields": {"codename": "change_sharedbookmark", "name": "Can change shared bookmark", "content_type": 10}}, {"pk": 30, "model": "auth.permission", "fields": {"codename": "delete_sharedbookmark", "name": "Can delete shared bookmark", "content_type": 10}}, {"pk": 25, "model": "auth.permission", "fields": {"codename": "add_tag", "name": "Can add tag", "content_type": 9}}, {"pk": 26, "model": "auth.permission", "fields": {"codename": "change_tag", "name": "Can change tag", "content_type": 9}}, {"pk": 27, "model": "auth.permission", "fields": {"codename": "delete_tag", "name": "Can delete tag", "content_type": 9}}, {"pk": 31, "model": "auth.permission", "fields": {"codename": "add_comment", "name": "Can add comment", "content_type": 11}}, {"pk": 37, "model": "auth.permission", "fields": {"codename": "can_moderate", "name": "Can moderate comments", "content_type": 11}}, {"pk": 33, "model": "auth.permission", "fields": {"codename": "change_comment", "name": "Can change comment", "content_type": 11}}, {"pk": 35, "model": "auth.permission", "fields": {"codename": "delete_comment", "name": "Can delete comment", "content_type": 11}}, {"pk": 32, "model": "auth.permission", "fields": {"codename": "add_commentflag", "name": "Can add comment flag", "content_type": 12}}, {"pk": 34, "model": "auth.permission", "fields": {"codename": "change_commentflag", "name": "Can change comment flag", "content_type": 12}}, {"pk": 36, "model": "auth.permission", "fields": {"codename": "delete_commentflag", "name": "Can delete comment flag", "content_type": 12}}, {"pk": 10, "model": "auth.permission", "fields": {"codename": "add_contenttype", "name": "Can add content type", "content_type": 4}}, {"pk": 11, "model": "auth.permission", "fields": {"codename": "change_contenttype", "name": "Can change content type", "content_type": 4}}, {"pk": 12, "model": "auth.permission", "fields": {"codename": "delete_contenttype", "name": "Can delete content type", "content_type": 4}}, {"pk": 13, "model": "auth.permission", "fields": {"codename": "add_session", "name": "Can add session", "content_type": 5}}, {"pk": 14, "model": "auth.permission", "fields": {"codename": "change_session", "name": "Can change session", "content_type": 5}}, {"pk": 15, "model": "auth.permission", "fields": {"codename": "delete_session", "name": "Can delete session", "content_type": 5}}, {"pk": 16, "model": "auth.permission", "fields": {"codename": "add_site", "name": "Can add site", "content_type": 6}}, {"pk": 17, "model": "auth.permission", "fields": {"codename": "change_site", "name": "Can change site", "content_type": 6}}, {"pk": 18, "model": "auth.permission", "fields": {"codename": "delete_site", "name": "Can delete site", "content_type": 6}}, {"pk": 1, "model": "auth.user", "fields": {"username": "flaugher", "first_name": "", "last_name": "", "is_active": true, "is_superuser": true, "is_staff": true, "last_login": "2012-06-23T02:35:59.038Z", "groups": [], "user_permissions": [], "password": "pbkdf2_sha256$10000$eqCSeQ8xWUSW$1E+Itrr6bQZNeSZvsutS4Bq75fyYVKAjTnoVZkhDFAk=", "email": "robertf57@gmail.com", "date_joined": "2012-05-25T17:16:13.649Z"}}, {"pk": 2, "model": "auth.user", "fields": {"username": "robert", "first_name": "", "last_name": "", "is_active": true, "is_superuser": false, "is_staff": false, "last_login": "2012-06-23T00:31:55.834Z", "groups": [], "user_permissions": [], "password": "pbkdf2_sha256$10000$e8lz6ZGrn8j0$CWv+WcWK3fAHCyWTxa2p92ZDLJ0B/O3qyKjycXrGs74=", "email": "flaugher@gmail.com", "date_joined": "2012-05-31T18:44:18.710Z"}}, {"pk": 3, "model": "auth.user", "fields": {"username": "shari", "first_name": "", "last_name": "", "is_active": true, "is_superuser": false, "is_staff": false, "last_login": "2012-06-22T03:42:41.651Z", "groups": [], "user_permissions": [], "password": "pbkdf2_sha256$10000$ll90vsvLGrom$8GUN91f+zLLNt6tnedNRlflMyXf5PDJ9mwhnFXOygwg=", "email": "saflaugher@gmail.com", "date_joined": "2012-06-02T21:50:11.935Z"}}, {"pk": 4, "model": "auth.user", "fields": {"username": "candi_cruz", "first_name": "", "last_name": "", "is_active": true, "is_superuser": false, "is_staff": false, "last_login": "2012-06-02T22:14:11.000Z", "groups": [], "user_permissions": [], "password": "pbkdf2_sha256$10000$D0wxI4XjdFnk$1E8H4hqnTiUO+oGN6BHFkVo5Jq7ud0CLXPatoXnD41c=", "email": "candi_cruz", "date_joined": "2012-06-02T22:14:11.000Z"}}, {"pk": 1, "model": "bookmarks.friendship", "fields": {"to_friend": 1, "from_friend": 1}}, {"pk": 2, "model": "bookmarks.friendship", "fields": {"to_friend": 3, "from_friend": 1}}, {"pk": 3, "model": "bookmarks.friendship", "fields": {"to_friend": 2, "from_friend": 1}}, {"pk": 4, "model": "bookmarks.friendship", "fields": {"to_friend": 1, "from_friend": 2}}, {"pk": 5, "model": "bookmarks.friendship", "fields": {"to_friend": 2, "from_friend": 3}}, {"pk": 1, "model": "bookmarks.sharedbookmark", "fields": {"bookmark": 1, "date": "2012-06-19T19:00:34.076Z", "votes": 3, "users_voted": [1]}}, {"pk": 2, "model": "bookmarks.sharedbookmark", "fields": {"bookmark": 2, "date": "2012-06-20T15:32:46.048Z", "votes": 1, "users_voted": [4]}}, {"pk": 3, "model": "bookmarks.sharedbookmark", "fields": {"bookmark": 9, "date": "2012-06-20T23:20:07.191Z", "votes": 1, "users_voted": [1]}}, {"pk": 4, "model": "bookmarks.sharedbookmark", "fields": {"bookmark": 10, "date": "2012-06-20T23:21:31.129Z", "votes": 1, "users_voted": [1]}}, {"pk": 5, "model": "bookmarks.sharedbookmark", "fields": {"bookmark": 11, "date": "2012-06-20T23:22:35.584Z", "votes": 1, "users_voted": [1]}}, {"pk": 1, "model": "bookmarks.bookmark", "fields": {"link": 1, "user": 1, "title": "Packt Publishing Inc"}}, {"pk": 2, "model": "bookmarks.bookmark", "fields": {"link": 2, "user": 1, "title": "CNBC"}}, {"pk": 3, "model": "bookmarks.bookmark", "fields": {"link": 3, "user": 1, "title": "Bloomberg"}}, {"pk": 4, "model": "bookmarks.bookmark", "fields": {"link": 4, "user": 1, "title": "O'Reilly Books"}}, {"pk": 5, "model": "bookmarks.bookmark", "fields": {"link": 5, "user": 1, "title": "Yahoo! Finance"}}, {"pk": 6, "model": "bookmarks.bookmark", "fields": {"link": 6, "user": 1, "title": "Twitter"}}, {"pk": 7, "model": "bookmarks.bookmark", "fields": {"link": 7, "user": 1, "title": "Twitter Login"}}, {"pk": 8, "model": "bookmarks.bookmark", "fields": {"link": 8, "user": 1, "title": "JavaScript on MDN"}}, {"pk": 9, "model": "bookmarks.bookmark", "fields": {"link": 9, "user": 1, "title": "JavaScript Tutorial - W3Schools"}}, {"pk": 10, "model": "bookmarks.bookmark", "fields": {"link": 10, "user": 1, "title": "The JavaScript Source"}}, {"pk": 11, "model": "bookmarks.bookmark", "fields": {"link": 11, "user": 1, "title": "Eloquent JavaScript - Book"}}, {"pk": 12, "model": "bookmarks.bookmark", "fields": {"link": 12, "user": 3, "title": "Us Magazine"}}, {"pk": 13, "model": "bookmarks.bookmark", "fields": {"link": 13, "user": 3, "title": "People Magazine"}}]